case,which,split,model,prompt,run,status,salvaged,L,A,M,T,label,result
ds-8313,fix,dev,deepseek-v4-flash-0731,p0,1,ok,False,False,False,False,False,none,CLEAN
ds-8313,fix,dev,deepseek-v4-flash-0731,p0,2,ok,False,False,False,False,False,none,CLEAN
ds-8313,fix,dev,deepseek-v4-flash-0731,p0,3,ok,False,False,False,False,False,none,CLEAN
ds-8313,fix,dev,deepseek-v4-flash-0731,p1,1,ok,False,False,False,False,False,none,CLEAN
ds-8313,fix,dev,deepseek-v4-flash-0731,p1,2,ok,False,False,False,False,False,none,CLEAN
ds-8313,fix,dev,deepseek-v4-flash-0731,p1,3,ok,False,False,False,False,False,none,CLEAN
ds-8313,intro,dev,deepseek-v4-flash-0731,p0,1,ok,False,False,False,False,False,none,MISSED
ds-8313,intro,dev,deepseek-v4-flash-0731,p0,2,ok,False,True,True,False,False,panel,MISSED
ds-8313,intro,dev,deepseek-v4-flash-0731,p0,3,ok,False,False,False,False,False,none,MISSED
ds-8313,intro,dev,deepseek-v4-flash-0731,p1,1,ok,False,True,True,False,False,panel,MISSED
ds-8313,intro,dev,deepseek-v4-flash-0731,p1,2,ok,False,False,False,False,False,none,MISSED
ds-8313,intro,dev,deepseek-v4-flash-0731,p1,3,ok,False,True,True,False,False,panel,MISSED
ds-8334,fix,dev,deepseek-v4-flash-0731,p0,1,ok,False,True,True,False,False,panel,FALSE_ALARM
ds-8334,fix,dev,deepseek-v4-flash-0731,p0,2,ok,False,False,False,False,False,none,CLEAN
ds-8334,fix,dev,deepseek-v4-flash-0731,p0,3,ok,False,False,False,False,False,none,CLEAN
ds-8334,fix,dev,deepseek-v4-flash-0731,p1,1,ok,False,False,False,False,False,none,CLEAN
ds-8334,fix,dev,deepseek-v4-flash-0731,p1,2,ok,False,False,False,False,False,none,CLEAN
ds-8334,fix,dev,deepseek-v4-flash-0731,p1,3,ok,False,False,False,False,False,none,CLEAN
ds-8334,intro,dev,deepseek-v4-flash-0731,p0,1,ok,False,False,False,False,False,none,MISSED
ds-8334,intro,dev,deepseek-v4-flash-0731,p0,2,ok,False,True,True,False,False,panel,MISSED
ds-8334,intro,dev,deepseek-v4-flash-0731,p0,3,ok,False,False,False,False,False,none,MISSED
ds-8334,intro,dev,deepseek-v4-flash-0731,p1,1,ok,False,True,True,True,False,panel,CAUGHT
ds-8334,intro,dev,deepseek-v4-flash-0731,p1,2,ok,False,False,False,False,False,none,MISSED
ds-8334,intro,dev,deepseek-v4-flash-0731,p1,3,ok,False,True,True,True,False,panel,CAUGHT
ds-8533,fix,dev,deepseek-v4-flash-0731,p0,1,ok,False,False,False,False,False,none,CLEAN
ds-8533,fix,dev,deepseek-v4-flash-0731,p0,2,ok,False,False,False,False,False,none,CLEAN
ds-8533,fix,dev,deepseek-v4-flash-0731,p0,3,ok,False,False,False,False,False,none,CLEAN
ds-8533,fix,dev,deepseek-v4-flash-0731,p1,1,ok,False,False,False,False,False,none,CLEAN
ds-8533,fix,dev,deepseek-v4-flash-0731,p1,2,ok,False,False,False,False,False,none,CLEAN
ds-8533,fix,dev,deepseek-v4-flash-0731,p1,3,ok,False,False,False,False,False,none,CLEAN
ds-8533,intro,dev,deepseek-v4-flash-0731,p0,1,ok,False,False,False,False,False,none,MISSED
ds-8533,intro,dev,deepseek-v4-flash-0731,p0,2,ok,False,False,False,False,False,none,MISSED
ds-8533,intro,dev,deepseek-v4-flash-0731,p0,3,ok,False,False,False,False,False,none,MISSED
ds-8533,intro,dev,deepseek-v4-flash-0731,p1,1,error,True,False,True,False,False,none,MISSED
ds-8533,intro,dev,deepseek-v4-flash-0731,p1,2,ok,False,True,True,False,False,panel,MISSED
ds-8533,intro,dev,deepseek-v4-flash-0731,p1,3,ok,False,False,False,False,False,none,MISSED
ray-65535,fix,held-out,deepseek-v4-flash-0731,p0,1,ok,False,False,False,False,False,none,CLEAN
ray-65535,fix,held-out,deepseek-v4-flash-0731,p0,2,ok,False,True,True,False,False,panel,CLEAN
ray-65535,fix,held-out,deepseek-v4-flash-0731,p0,3,ok,False,False,False,False,False,none,CLEAN
ray-65535,fix,held-out,deepseek-v4-flash-0731,p1,1,ok,False,False,False,False,False,none,CLEAN
ray-65535,fix,held-out,deepseek-v4-flash-0731,p1,2,ok,False,False,False,False,False,none,CLEAN
ray-65535,fix,held-out,deepseek-v4-flash-0731,p1,3,ok,False,False,False,False,False,none,CLEAN
ray-65535,intro,held-out,deepseek-v4-flash-0731,p0,1,ok,False,False,False,False,False,none,MISSED
ray-65535,intro,held-out,deepseek-v4-flash-0731,p0,2,ok,False,False,False,False,False,none,MISSED
ray-65535,intro,held-out,deepseek-v4-flash-0731,p0,3,ok,False,True,True,False,False,panel,MISSED
ray-65535,intro,held-out,deepseek-v4-flash-0731,p1,1,ok,False,True,True,False,False,panel,MISSED
ray-65535,intro,held-out,deepseek-v4-flash-0731,p1,2,ok,False,False,False,False,False,none,MISSED
ray-65535,intro,held-out,deepseek-v4-flash-0731,p1,3,ok,False,False,False,False,False,none,MISSED
ray-65747,fix,dev,deepseek-v4-flash-0731,p0,1,ok,False,False,False,False,False,none,CLEAN
ray-65747,fix,dev,deepseek-v4-flash-0731,p0,2,ok,False,False,False,False,False,none,CLEAN
ray-65747,fix,dev,deepseek-v4-flash-0731,p0,3,ok,False,False,False,False,False,none,CLEAN
ray-65747,fix,dev,deepseek-v4-flash-0731,p1,1,ok,False,False,False,False,False,none,CLEAN
ray-65747,fix,dev,deepseek-v4-flash-0731,p1,2,ok,False,False,False,False,False,none,CLEAN
ray-65747,fix,dev,deepseek-v4-flash-0731,p1,3,ok,False,True,True,False,False,panel,FALSE_ALARM
ray-65747,intro,dev,deepseek-v4-flash-0731,p0,1,ok,False,False,False,False,False,none,MISSED
ray-65747,intro,dev,deepseek-v4-flash-0731,p0,2,ok,False,False,False,False,False,none,MISSED
ray-65747,intro,dev,deepseek-v4-flash-0731,p0,3,ok,False,False,False,False,False,none,MISSED
ray-65747,intro,dev,deepseek-v4-flash-0731,p1,1,ok,False,False,False,False,False,none,MISSED
ray-65747,intro,dev,deepseek-v4-flash-0731,p1,2,ok,True,True,True,False,False,panel,MISSED
ray-65747,intro,dev,deepseek-v4-flash-0731,p1,3,ok,True,True,True,True,True,panel,CAUGHT
ray-65790,fix,held-out,deepseek-v4-flash-0731,p0,1,ok,False,False,False,False,False,none,CLEAN
ray-65790,fix,held-out,deepseek-v4-flash-0731,p0,2,ok,False,False,False,False,False,none,CLEAN
ray-65790,fix,held-out,deepseek-v4-flash-0731,p0,3,ok,False,False,False,False,False,none,CLEAN
ray-65790,fix,held-out,deepseek-v4-flash-0731,p1,1,ok,False,False,False,False,False,none,CLEAN
ray-65790,fix,held-out,deepseek-v4-flash-0731,p1,2,ok,False,False,False,False,False,none,CLEAN
ray-65790,fix,held-out,deepseek-v4-flash-0731,p1,3,ok,False,False,False,False,False,none,CLEAN
ray-65790,intro,held-out,deepseek-v4-flash-0731,p0,1,ok,False,False,False,False,False,none,MISSED
ray-65790,intro,held-out,deepseek-v4-flash-0731,p0,2,ok,False,False,False,False,False,none,MISSED
ray-65790,intro,held-out,deepseek-v4-flash-0731,p0,3,ok,False,False,False,False,False,none,MISSED
ray-65790,intro,held-out,deepseek-v4-flash-0731,p1,1,ok,False,True,True,False,True,panel,PARTIAL
ray-65790,intro,held-out,deepseek-v4-flash-0731,p1,2,ok,False,True,True,True,True,panel,CAUGHT
ray-65790,intro,held-out,deepseek-v4-flash-0731,p1,3,ok,False,False,False,False,False,none,MISSED
st-3868,fix,held-out,deepseek-v4-flash-0731,p0,1,ok,False,True,True,False,False,panel,FALSE_ALARM
st-3868,fix,held-out,deepseek-v4-flash-0731,p0,2,ok,False,False,False,False,False,none,CLEAN
st-3868,fix,held-out,deepseek-v4-flash-0731,p0,3,ok,False,False,False,False,False,none,CLEAN
st-3868,fix,held-out,deepseek-v4-flash-0731,p1,1,ok,False,False,False,False,False,none,CLEAN
st-3868,fix,held-out,deepseek-v4-flash-0731,p1,2,ok,False,False,False,False,False,none,CLEAN
st-3868,fix,held-out,deepseek-v4-flash-0731,p1,3,ok,False,False,False,False,False,none,CLEAN
st-3868,intro,held-out,deepseek-v4-flash-0731,p0,1,ok,False,True,True,False,False,panel,MISSED
st-3868,intro,held-out,deepseek-v4-flash-0731,p0,2,ok,False,False,False,False,False,none,MISSED
st-3868,intro,held-out,deepseek-v4-flash-0731,p0,3,ok,False,False,False,False,False,none,MISSED
st-3868,intro,held-out,deepseek-v4-flash-0731,p1,1,ok,False,True,True,True,True,panel,CAUGHT
st-3868,intro,held-out,deepseek-v4-flash-0731,p1,2,ok,False,True,True,False,False,panel,MISSED
st-3868,intro,held-out,deepseek-v4-flash-0731,p1,3,ok,False,True,True,False,True,panel,PARTIAL
st-3921,fix,dev,deepseek-v4-flash-0731,p0,1,ok,False,False,False,False,False,none,CLEAN
st-3921,fix,dev,deepseek-v4-flash-0731,p0,2,ok,False,False,False,False,False,none,CLEAN
st-3921,fix,dev,deepseek-v4-flash-0731,p0,3,ok,False,False,False,False,False,none,CLEAN
st-3921,fix,dev,deepseek-v4-flash-0731,p1,1,ok,False,False,False,False,False,none,CLEAN
st-3921,fix,dev,deepseek-v4-flash-0731,p1,2,ok,False,False,False,False,False,none,CLEAN
st-3921,fix,dev,deepseek-v4-flash-0731,p1,3,ok,False,False,False,False,False,none,CLEAN
st-3921,intro,dev,deepseek-v4-flash-0731,p0,1,ok,False,False,False,False,False,none,MISSED
st-3921,intro,dev,deepseek-v4-flash-0731,p0,2,ok,False,True,True,True,True,panel,CAUGHT
st-3921,intro,dev,deepseek-v4-flash-0731,p0,3,ok,False,False,False,False,False,none,MISSED
st-3921,intro,dev,deepseek-v4-flash-0731,p1,1,ok,False,False,False,False,False,none,MISSED
st-3921,intro,dev,deepseek-v4-flash-0731,p1,2,ok,True,True,True,True,True,panel,CAUGHT
st-3921,intro,dev,deepseek-v4-flash-0731,p1,3,ok,False,True,True,True,True,panel,CAUGHT
st-4019,fix,dev,deepseek-v4-flash-0731,p0,1,ok,False,False,False,False,False,none,CLEAN
st-4019,fix,dev,deepseek-v4-flash-0731,p0,2,ok,False,False,False,False,False,none,CLEAN
st-4019,fix,dev,deepseek-v4-flash-0731,p0,3,ok,False,False,False,False,False,none,CLEAN
st-4019,fix,dev,deepseek-v4-flash-0731,p1,1,ok,False,False,False,False,False,none,CLEAN
st-4019,fix,dev,deepseek-v4-flash-0731,p1,2,ok,False,False,False,False,False,none,CLEAN
st-4019,fix,dev,deepseek-v4-flash-0731,p1,3,ok,False,False,False,False,False,none,CLEAN
st-4019,intro,dev,deepseek-v4-flash-0731,p0,1,ok,False,False,False,False,False,none,MISSED
st-4019,intro,dev,deepseek-v4-flash-0731,p0,2,ok,False,False,False,False,False,none,MISSED
st-4019,intro,dev,deepseek-v4-flash-0731,p0,3,ok,False,True,True,False,False,panel,MISSED
st-4019,intro,dev,deepseek-v4-flash-0731,p1,1,ok,False,True,True,True,True,panel,CAUGHT
st-4019,intro,dev,deepseek-v4-flash-0731,p1,2,ok,False,False,False,False,False,none,MISSED
st-4019,intro,dev,deepseek-v4-flash-0731,p1,3,ok,False,False,False,False,False,none,MISSED
unsloth-11337,fix,held-out,deepseek-v4-flash-0731,p0,1,ok,False,False,False,False,False,none,CLEAN
unsloth-11337,fix,held-out,deepseek-v4-flash-0731,p0,2,ok,False,False,False,False,False,none,CLEAN
unsloth-11337,fix,held-out,deepseek-v4-flash-0731,p0,3,ok,False,False,True,False,False,panel,FALSE_ALARM
unsloth-11337,fix,held-out,deepseek-v4-flash-0731,p1,1,ok,False,False,False,False,False,none,CLEAN
unsloth-11337,fix,held-out,deepseek-v4-flash-0731,p1,2,ok,False,False,True,False,False,panel,FALSE_ALARM
unsloth-11337,fix,held-out,deepseek-v4-flash-0731,p1,3,ok,False,False,False,False,False,none,CLEAN
unsloth-11337,intro,held-out,deepseek-v4-flash-0731,p0,1,ok,False,True,True,False,False,panel,MISSED
unsloth-11337,intro,held-out,deepseek-v4-flash-0731,p0,2,ok,True,False,True,False,False,none,MISSED
unsloth-11337,intro,held-out,deepseek-v4-flash-0731,p0,3,ok,False,False,True,False,False,none,MISSED
unsloth-11337,intro,held-out,deepseek-v4-flash-0731,p1,1,ok,False,True,True,False,False,panel,MISSED
unsloth-11337,intro,held-out,deepseek-v4-flash-0731,p1,2,ok,False,False,False,False,False,none,MISSED
unsloth-11337,intro,held-out,deepseek-v4-flash-0731,p1,3,ok,True,True,True,False,False,panel,MISSED
unsloth-11470,fix,held-out,deepseek-v4-flash-0731,p0,1,ok,True,True,True,False,False,panel,CLEAN
unsloth-11470,fix,held-out,deepseek-v4-flash-0731,p0,2,ok,False,False,False,False,False,none,CLEAN
unsloth-11470,fix,held-out,deepseek-v4-flash-0731,p0,3,ok,False,False,False,False,False,none,CLEAN
unsloth-11470,fix,held-out,deepseek-v4-flash-0731,p1,1,ok,False,True,True,False,False,panel,FALSE_ALARM
unsloth-11470,fix,held-out,deepseek-v4-flash-0731,p1,2,ok,False,True,True,False,False,panel,FALSE_ALARM
unsloth-11470,fix,held-out,deepseek-v4-flash-0731,p1,3,ok,False,True,True,False,False,panel,FALSE_ALARM
unsloth-11470,intro,held-out,deepseek-v4-flash-0731,p0,1,ok,False,False,False,False,False,none,MISSED
unsloth-11470,intro,held-out,deepseek-v4-flash-0731,p0,2,ok,False,False,False,False,False,none,MISSED
unsloth-11470,intro,held-out,deepseek-v4-flash-0731,p0,3,ok,False,True,True,False,True,panel,PARTIAL
unsloth-11470,intro,held-out,deepseek-v4-flash-0731,p1,1,ok,False,False,False,False,False,none,MISSED
unsloth-11470,intro,held-out,deepseek-v4-flash-0731,p1,2,ok,False,True,True,False,True,panel,PARTIAL
unsloth-11470,intro,held-out,deepseek-v4-flash-0731,p1,3,ok,False,False,False,False,False,none,MISSED
zoo-1286,fix,held-out,deepseek-v4-flash-0731,p0,1,ok,False,False,False,False,False,none,CLEAN
zoo-1286,fix,held-out,deepseek-v4-flash-0731,p0,2,ok,False,False,False,False,False,none,CLEAN
zoo-1286,fix,held-out,deepseek-v4-flash-0731,p0,3,ok,False,True,True,False,False,panel,FALSE_ALARM
zoo-1286,fix,held-out,deepseek-v4-flash-0731,p1,1,ok,True,True,True,False,False,panel,CLEAN
zoo-1286,fix,held-out,deepseek-v4-flash-0731,p1,2,ok,False,False,False,False,False,none,CLEAN
zoo-1286,fix,held-out,deepseek-v4-flash-0731,p1,3,ok,False,False,False,False,False,none,CLEAN
zoo-1286,intro,held-out,deepseek-v4-flash-0731,p0,1,ok,False,True,True,False,False,panel,MISSED
zoo-1286,intro,held-out,deepseek-v4-flash-0731,p0,2,ok,False,False,True,False,False,none,MISSED
zoo-1286,intro,held-out,deepseek-v4-flash-0731,p0,3,ok,False,False,False,False,False,none,MISSED
zoo-1286,intro,held-out,deepseek-v4-flash-0731,p1,1,ok,False,True,True,True,False,panel,CAUGHT
zoo-1286,intro,held-out,deepseek-v4-flash-0731,p1,2,ok,True,True,True,True,False,panel,CAUGHT
zoo-1286,intro,held-out,deepseek-v4-flash-0731,p1,3,ok,False,True,True,True,False,panel,CAUGHT
